Profile Name,Title Name,Country,Utc Title Add Date
Ali,Spirited Away,Canada,2023-06-05
Ali,Cyberpunk: Edgerunners,Canada,2023-06-05
Ali,I Think You Should Leave with Tim Robinson,Canada,2023-06-05
Ali,Papillon,Canada,2023-06-05
Ali,Spotlight,Canada,2023-06-05
Ali,The Hurt Locker,Canada,2023-06-05
Ali,Good Will Hunting,Canada,2023-06-05
Ali,Sound of Metal,Canada,2023-06-05
Ali,Gran Torino,Canada,2023-06-05
Ali,FUBAR,Canada,2023-06-05
Ali,McGREGOR FOREVER,Canada,2023-05-17
Ali,The Call,Canada,2023-05-16
Ali,Inside Man,Canada,2023-05-16
Ali,American Sniper,Canada,2023-05-16
Ali,The Butterfly Effect,Canada,2023-05-10
Ali,Child 44,Canada,2023-05-02
Ali,The Little Things,Canada,2023-01-08
Ali,Night Hunter,Canada,2023-01-08
Ali,DEATH NOTE,Canada,2023-01-08
Ali,Ratched,Canada,2023-01-08
Ali,White Noise,Canada,2023-01-03
Ali,No Country for Old Men,Canada,2023-01-03
Ali,Moneyball,Canada,2023-01-03
Ali,The Ballad of Buster Scruggs,Canada,2023-01-03
Ali,The Good Nurse,Canada,2023-01-03
Ali,The Fifth Element,Canada,2023-01-03
Ali,Sicario,Canada,2023-01-03
Ali,Guillermo del Toroâ€™s Pinocchio,Canada,2022-12-31
Ali,Eyes Wide Shut,Canada,2022-12-31
Ali,The Hateful Eight,Canada,2022-12-31
Ali,I'm Thinking of Ending Things,Canada,2022-12-31
Ali,WHAT DID JACK DO?,Canada,2022-12-31
Ali,All Quiet on the Western Front,Canada,2022-11-08
Ali,Primal Fear,Canada,2022-10-06
Ali,DreamWorks Spooky Stories: Volume 2,Canada,2022-10-06
Ali,1408,Canada,2022-10-05
Ali,Don't Look Up,Canada,2022-04-04
Ali,The Power of the Dog,Canada,2022-04-04
Ali,The Big Lebowski,Canada,2022-04-04
Ali,Dark Waters,Canada,2022-04-04
Ali,Louis C.K. 2017,Canada,2022-03-30
Ali,Cemetery Junction,Canada,2022-03-30
Ali,Special Correspondents,Canada,2022-03-30
Ali,Evil Genius: the True Story of America's Most Diabolical Bank Heist,Canada,2021-02-21
Ali,Friends,Canada,2020-07-27
Ali,Murder Mystery,Canada,2020-07-27
Ali,Space Force,Canada,2020-07-27
Ali,The Platform,Canada,2020-07-27
Ali,The Irishman,Canada,2020-07-27
Ali,Prison Break,Canada,2020-07-27
Ali,The Office (U.S.),Canada,2020-07-27
Ali,Breaking Bad,Canada,2020-07-27
Ali,Deadpool 2,Canada,2020-07-27
Ali,Jumanji: Welcome to the Jungle,Canada,2020-07-27
Ali,Extraction,Canada,2020-07-27
Ali,Peaky Blinders,Canada,2020-07-27
